{
    "musicName": "",
    "bpm": 0,
    "musicProcessivity": [
        0.8951927423477173,
        1.1509523391723633,
        1.428049921989441,
        1.5559183359146119,
        1.683809518814087,
        1.939591884613037,
        3.069183588027954,
        3.2183899879455568,
        3.367596387863159,
        3.5168027877807619,
        3.6660091876983644,
        3.79390025138855,
        3.9431066513061525,
        4.177528381347656,
        5.307210922241211,
        5.4351019859313969,
        5.605623722076416,
        5.7548298835754398,
        5.8826985359191898,
        6.010589599609375,
        6.1384806632995609,
        6.415578365325928,
        7.52396821975708,
        7.6731743812561039,
        7.779750347137451,
        7.950272083282471,
        8.078163146972657,
        8.22736930847168,
        8.355260848999024,
        8.611042976379395,
        9.762041091918946,
        10.060453414916993,
        10.33755111694336,
        10.635941505432129,
        10.91303825378418,
        11.211451530456543,
        11.44589614868164,
        11.744308471679688,
        12.000090599060059,
        12.298503875732422,
        12.554286003112793,
        12.85269832611084,
        13.129796028137207,
        13.385578155517579,
        13.662675857543946,
        13.939773559570313,
        14.216870307922364,
        14.515283584594727,
        14.771065711975098,
        15.09079360961914,
        15.325261116027832,
        15.623673439025879,
        15.87945556640625,
        16.177845001220704,
        16.433515548706056,
        16.71054458618164,
        16.966236114501954,
        17.285850524902345,
        17.52025032043457,
        17.818571090698243,
        18.07428550720215,
        18.37258529663086,
        18.64959144592285,
        18.7774600982666,
        18.926599502563478,
        19.054445266723634,
        19.18229103088379,
        19.33147430419922,
        19.459320068359376,
        19.715011596679689,
        20.8443546295166,
        20.993515014648439,
        21.121360778808595,
        21.29181480407715,
        21.3770751953125,
        21.547529220581056,
        21.67537498474121,
        21.952381134033204,
        23.145668029785158,
        23.252199172973634,
        23.4013614654541,
        23.699682235717775,
        24.01938819885254,
        24.275169372558595,
        24.55226707458496,
        24.78673553466797,
        25.085147857666017,
        25.362245559692384,
        25.618026733398439,
        25.916439056396486,
        26.236167907714845,
        26.44931983947754,
        26.683786392211915,
        26.9395694732666,
        27.259296417236329,
        27.536394119262697,
        27.877437591552736,
        28.11190414428711,
        28.367687225341798,
        28.623470306396486,
        28.94319725036621,
        29.241609573364259,
        29.561338424682618,
        29.753173828125,
        30.07290267944336,
        30.307369232177736,
        30.627098083496095,
        30.88287925720215,
        31.159976959228517,
        31.415760040283204,
        31.71417236328125,
        31.991270065307618,
        32.268253326416019,
        32.39609909057617,
        32.52394485473633,
        32.6731071472168,
        32.80097579956055,
        33.05666732788086,
        34.20732498168945,
        34.3138542175293,
        34.484310150146487,
        34.61217498779297,
        34.74002456665039,
        34.86787033081055,
        34.99573516845703,
        35.294036865234378,
        36.46598815917969,
        36.70038604736328,
        37.020023345947269,
        37.318321228027347,
        37.57403564453125,
        37.872337341308597,
        38.1280517578125,
        38.40505599975586,
        38.682064056396487,
        38.93777847290039,
        39.21476364135742,
        39.51310729980469,
        39.79011154174805,
        40.045806884765628,
        40.322811126708987,
        40.59981918334961
    ]
}